﻿Name,Username,Role,AttendeeType,"First join","Last leave","Total time",Joins
"Luis Antonio Muñoz Alfaro",pcellmun,Moderator,Integration,"08/18/2020 08:55:04","08/18/2020 11:02:11",02:04:41,4
"Julio Tokujiro Uyejara Bustamante",u201622015,Participant,Integration,"08/18/2020 08:55:13","08/18/2020 11:02:12",02:01:40,13
"Sara Milagros Marquez Zapata",u20151c262,Participant,Integration,"08/18/2020 08:56:17","08/18/2020 11:02:22",02:06:04,1
"Gian Carlo Tuesta Ocampo",u201515612,Participant,Integration,"08/18/2020 08:56:32","08/18/2020 11:02:01",01:59:07,8
"Sebastian Elias Garcia Guerra",u201425507,Participant,Integration,"08/18/2020 08:57:02","08/18/2020 10:44:53",01:47:50,1
"Yerson Walter Torres Santos",u201617457,Participant,Integration,"08/18/2020 08:57:07","08/18/2020 11:02:05",02:04:58,1
"Cristian Andres Vasquez Levano",u201516659,Participant,Integration,"08/18/2020 08:57:18","08/18/2020 11:15:30",02:18:10,2
"Bryan Harold Cerda Flores",u201620163,Participant,Integration,"08/18/2020 08:57:25","08/18/2020 11:02:15",02:04:49,1
"Fabricio Jose Miranda Durand",u20181e444,Participant,Integration,"08/18/2020 08:57:35","08/18/2020 11:02:36",02:04:43,2
"Maikol Brandon Sanchez Gomez",u201517193,Participant,Integration,"08/18/2020 08:59:06","08/18/2020 11:02:39",02:03:33,1
"Kevin Elmer Rodriguez Peralta",u201811680,Participant,Integration,"08/18/2020 09:00:04","08/18/2020 11:04:01",02:03:57,1
"José Edison Bobadilla Chancafe",u201621990,Participant,Integration,"08/18/2020 09:01:27","08/18/2020 11:02:42",02:00:48,3
"Tathyana Leyla Sotomayor Anco",u201710871,Participant,Integration,"08/18/2020 09:01:42","08/18/2020 11:02:05",02:00:14,2
"Cesar Augusto Bardales Loarte",u201510905,Participant,Integration,"08/18/2020 09:02:01","08/18/2020 11:02:19",01:56:49,12
"Yorman Manuel Gil Alvarado",u201719264,Participant,Integration,"08/18/2020 09:02:10","08/18/2020 11:02:20",02:00:01,2
"Cecilia Sucyen Koochoy Wong",u201713638,Participant,Integration,"08/18/2020 09:03:38","08/18/2020 11:02:07",01:58:29,1
"Jorge Alberto Cedeño Guilarte",u202021320,Participant,Integration,"08/18/2020 09:03:41","08/18/2020 11:02:03",01:58:12,2
"Kevin Poll Jharson Cachique Agreda",u201610674,Participant,Integration,"08/18/2020 09:04:08","08/18/2020 11:14:17",02:09:10,3
"Jorge Marcelo Rebaza Bartra",u201623405,Participant,Integration,"08/18/2020 09:06:35","08/18/2020 11:02:11",01:55:35,1
"Jesus Bernuy Ramirez",u201513319,Participant,Integration,"08/18/2020 09:06:46","08/18/2020 11:02:15",01:55:29,1
"Jose Luis Ludeña Sevilla",u201421391,Participant,Integration,"08/18/2020 09:07:12","08/18/2020 11:02:16",01:55:03,1
"Victor Alonso Nuñez Cabrera",u201614986,Participant,Integration,"08/18/2020 09:42:54","08/18/2020 11:02:14",01:19:19,1
