﻿Name,Username,Role,AttendeeType,"First join","Last leave","Total time",Joins
"Julio Tokujiro Uyejara Bustamante",u201622015,Participant,Integration,"08/25/2020 08:53:47","08/25/2020 09:12:08",00:18:21,1
"Anthony Frank Molina Diaz",u201523291,Participant,Integration,"08/25/2020 08:55:45","08/25/2020 11:00:23",02:04:38,1
"Fabricio Jose Miranda Durand",u20181e444,Participant,Integration,"08/25/2020 08:56:21","08/25/2020 11:00:23",02:03:48,2
"Sara Milagros Marquez Zapata",u20151c262,Participant,Integration,"08/25/2020 08:56:59","08/25/2020 11:00:31",02:00:45,5
"Jorge Marcelo Rebaza Bartra",u201623405,Participant,Integration,"08/25/2020 08:57:35","08/25/2020 11:00:25",02:02:49,1
"Kevin Poll Jharson Cachique Agreda",u201610674,Participant,Integration,"08/25/2020 09:00:09","08/25/2020 11:00:53",02:00:43,1
"Yorman Manuel Gil Alvarado",u201719264,Participant,Integration,"08/25/2020 09:00:14","08/25/2020 11:00:28",02:00:13,1
"Luis Antonio Muñoz Alfaro",pcellmun,Moderator,Integration,"08/25/2020 09:00:38","08/25/2020 11:00:49",02:00:08,2
"Cesar Augusto Bardales Loarte",u201510905,Participant,Integration,"08/25/2020 09:01:07","08/25/2020 11:00:56",01:58:02,5
"José Edison Bobadilla Chancafe",u201621990,Participant,Integration,"08/25/2020 09:01:09","08/25/2020 11:10:12",02:05:47,3
"Kevin Elmer Rodriguez Peralta",u201811680,Participant,Integration,"08/25/2020 09:01:50","08/25/2020 11:00:27",01:58:37,1
"Tathyana Leyla Sotomayor Anco",u201710871,Participant,Integration,"08/25/2020 09:03:42","08/25/2020 11:00:21",01:56:39,1
"Gian Carlo Tuesta Ocampo",u201515612,Participant,Integration,"08/25/2020 09:04:06","08/25/2020 10:57:10",01:52:46,2
"Jose Luis Ludeña Sevilla",u201421391,Participant,Integration,"08/25/2020 09:05:28","08/25/2020 11:00:39",01:55:08,3
"Yerson Walter Torres Santos",u201617457,Participant,Integration,"08/25/2020 09:05:42","08/25/2020 11:02:05",01:56:23,1
"Cecilia Sucyen Koochoy Wong",u201713638,Participant,Integration,"08/25/2020 09:10:26","08/25/2020 11:00:35",01:50:07,3
"Cristian Andres Vasquez Levano",u201516659,Participant,Integration,"08/25/2020 09:22:13","08/25/2020 10:33:57",01:11:44,1
