﻿Name,Username,Role,AttendeeType,"First join","Last leave","Total time",Joins
"Fabricio Jose Miranda Durand",u20181e444,Participant,Integration,"09/08/2020 08:57:50","09/08/2020 11:01:59",02:03:47,2
"Kevin Poll Jharson Cachique Agreda",u201610674,Participant,Integration,"09/08/2020 08:59:39","09/08/2020 11:03:05",02:03:26,1
"Kevin Elmer Rodriguez Peralta",u201811680,Participant,Integration,"09/08/2020 09:00:02","09/08/2020 11:02:04",02:02:01,1
"Bryan Harold Cerda Flores",u201620163,Participant,Integration,"09/08/2020 09:00:29","09/08/2020 10:45:40",01:45:11,1
"Sara Milagros Marquez Zapata",u20151c262,Participant,Integration,"09/08/2020 09:00:43","09/08/2020 11:02:06",02:00:17,2
"Cesar Augusto Bardales Loarte",u201510905,Participant,Integration,"09/08/2020 09:01:49","09/08/2020 11:02:45",02:00:35,3
"Yorman Manuel Gil Alvarado",u201719264,Participant,Integration,"09/08/2020 09:01:58","09/08/2020 11:02:02",01:59:46,2
"Luis Antonio Muñoz Alfaro",pcellmun,Moderator,Integration,"09/08/2020 09:02:06","09/08/2020 11:02:10",02:00:03,1
"Tathyana Leyla Sotomayor Anco",u201710871,Participant,Integration,"09/08/2020 09:04:00","09/08/2020 11:02:01",01:57:43,2
"Cecilia Sucyen Koochoy Wong",u201713638,Participant,Integration,"09/08/2020 09:07:38","09/08/2020 11:02:06",01:54:28,1
"Jose Luis Ludeña Sevilla",u201421391,Participant,Integration,"09/08/2020 09:09:01","09/08/2020 11:01:59",01:52:57,1
"Maikol Brandon Sanchez Gomez",u201517193,Participant,Integration,"09/08/2020 09:09:33","09/08/2020 11:15:44",02:04:39,1
"Julio Tokujiro Uyejara Bustamante",u201622015,Participant,Integration,"09/08/2020 09:10:39","09/08/2020 11:01:59",01:51:00,3
"Yerson Walter Torres Santos",u201617457,Participant,Integration,"09/08/2020 09:13:07","09/08/2020 10:53:50",01:40:43,1
"José Edison Bobadilla Chancafe",u201621990,Participant,Integration,"09/08/2020 09:25:26","09/08/2020 11:07:54",01:42:28,1
"Sebastian Elias Garcia Guerra",u201425507,Participant,Integration,"09/08/2020 09:34:18","09/08/2020 11:02:08",01:27:49,1
"Jorge Marcelo Rebaza Bartra",u201623405,Participant,Integration,"09/08/2020 09:35:38","09/08/2020 11:01:50",01:26:12,1
"Victor Alonso Nuñez Cabrera",u201614986,Participant,Integration,"09/08/2020 10:17:37","09/08/2020 10:36:26",00:18:49,1
"Anthony Frank Molina Diaz",u201523291,Participant,Integration,"09/08/2020 10:22:07","09/08/2020 11:01:59",00:39:51,1
