﻿Name,Username,Role,AttendeeType,"First join","Last leave","Total time",Joins
"Julio Tokujiro Uyejara Bustamante",u201622015,Participant,Integration,"08/21/2020 09:46:24","08/21/2020 12:51:22",02:57:36,29
"Tathyana Leyla Sotomayor Anco",u201710871,Participant,Integration,"08/21/2020 09:51:47","08/21/2020 12:51:24",02:59:20,2
"Sebastian Elias Garcia Guerra",u201425507,Participant,Integration,"08/21/2020 09:53:51","08/21/2020 12:51:18",02:56:59,3
"Fabricio Jose Miranda Durand",u20181e444,Participant,Integration,"08/21/2020 09:56:35","08/21/2020 12:52:32",02:55:57,1
"Yerson Walter Torres Santos",u201617457,Participant,Integration,"08/21/2020 09:56:43","08/21/2020 12:14:32",02:17:49,1
"Bryan Harold Cerda Flores",u201620163,Participant,Integration,"08/21/2020 09:57:08","08/21/2020 12:51:38",02:54:29,1
"Luis Antonio Muñoz Alfaro",pcellmun,Moderator,Integration,"08/21/2020 09:57:45","08/21/2020 12:51:29",02:51:21,4
"Kevin Elmer Rodriguez Peralta",u201811680,Participant,Integration,"08/21/2020 09:59:18","08/21/2020 12:51:28",02:52:09,1
"Anthony Frank Molina Diaz",u201523291,Participant,Integration,"08/21/2020 10:00:14","08/21/2020 12:51:49",02:51:35,1
"Cecilia Sucyen Koochoy Wong",u201713638,Participant,Integration,"08/21/2020 10:00:24","08/21/2020 12:51:30",02:51:06,1
"Yorman Manuel Gil Alvarado",u201719264,Participant,Integration,"08/21/2020 10:01:26","08/21/2020 12:51:27",02:50:00,1
"Cesar Augusto Bardales Loarte",u201510905,Participant,Integration,"08/21/2020 10:01:38","08/21/2020 13:00:11",02:52:05,30
"Gian Carlo Tuesta Ocampo",u201515612,Participant,Integration,"08/21/2020 10:02:38","08/21/2020 12:51:27",02:48:17,2
"Jorge Marcelo Rebaza Bartra",u201623405,Participant,Integration,"08/21/2020 10:03:37","08/21/2020 12:51:22",02:47:45,1
"Kevin Poll Jharson Cachique Agreda",u201610674,Participant,Integration,"08/21/2020 10:05:07","08/21/2020 12:58:15",02:48:26,3
"Jose Luis Ludeña Sevilla",u201421391,Participant,Integration,"08/21/2020 10:05:33","08/21/2020 12:51:30",02:45:57,1
"Sara Milagros Marquez Zapata",u20151c262,Participant,Integration,"08/21/2020 10:06:53","08/21/2020 12:51:53",02:45:00,1
"Victor Alonso Nuñez Cabrera",u201614986,Participant,Integration,"08/21/2020 10:08:39","08/21/2020 12:51:51",02:39:11,3
"Jesus Bernuy Ramirez",u201513319,Participant,Integration,"08/21/2020 10:09:57","08/21/2020 11:11:45",01:01:47,1
"José Edison Bobadilla Chancafe",u201621990,Participant,Integration,"08/21/2020 10:10:43","08/21/2020 13:28:09",03:13:12,3
"Cristian Andres Vasquez Levano",u201516659,Participant,Integration,"08/21/2020 10:29:41","08/21/2020 11:14:20",00:44:26,3
