﻿Name,Username,Role,AttendeeType,"First join","Last leave","Total time",Joins
"Jesus Bernuy Ramirez",u201513319,Participant,Integration,"08/28/2020 09:55:00","08/28/2020 13:14:18",03:18:21,4
"Sara Milagros Marquez Zapata",u20151c262,Participant,Integration,"08/28/2020 09:56:37","08/28/2020 13:24:39",03:25:25,3
"Fabricio Jose Miranda Durand",u20181e444,Participant,Integration,"08/28/2020 09:57:20","08/28/2020 13:34:22",03:37:01,1
"Cecilia Sucyen Koochoy Wong",u201713638,Participant,Integration,"08/28/2020 09:57:54","08/28/2020 14:10:08",04:12:13,1
"Luis Antonio Muñoz Alfaro",pcellmun,Moderator,Integration,"08/28/2020 09:58:09","08/28/2020 13:14:11",03:16:02,1
"Gian Carlo Tuesta Ocampo",u201515612,Participant,Integration,"08/28/2020 09:58:33","08/28/2020 11:35:52",01:37:18,1
"Tathyana Leyla Sotomayor Anco",u201710871,Participant,Integration,"08/28/2020 09:59:31","08/28/2020 13:28:51",03:27:01,7
"Kevin Poll Jharson Cachique Agreda",u201610674,Participant,Integration,"08/28/2020 10:00:34","08/28/2020 13:13:44",03:13:10,1
"Maikol Brandon Sanchez Gomez",u201517193,Participant,Integration,"08/28/2020 10:00:41","08/28/2020 13:12:58",03:11:59,2
"Julio Tokujiro Uyejara Bustamante",u201622015,Participant,Integration,"08/28/2020 10:01:27","08/28/2020 13:15:11",03:00:30,6
"Kevin Elmer Rodriguez Peralta",u201811680,Participant,Integration,"08/28/2020 10:02:17","08/28/2020 13:30:29",03:27:42,3
"Yorman Manuel Gil Alvarado",u201719264,Participant,Integration,"08/28/2020 10:03:10","08/28/2020 13:10:25",03:06:45,2
"Yerson Walter Torres Santos",u201617457,Participant,Integration,"08/28/2020 10:05:19","08/28/2020 13:11:01",03:05:41,1
"Sebastian Elias Garcia Guerra",u201425507,Participant,Integration,"08/28/2020 10:05:29","08/28/2020 10:32:34",00:27:04,1
"Cesar Augusto Bardales Loarte",u201510905,Participant,Integration,"08/28/2020 10:06:11","08/28/2020 13:14:39",03:08:18,2
"Cristian Andres Vasquez Levano",u201516659,Participant,Integration,"08/28/2020 10:09:12","08/28/2020 12:15:14",02:05:48,2
"Anthony Frank Molina Diaz",u201523291,Participant,Integration,"08/28/2020 10:11:04","08/28/2020 13:13:53",03:02:49,1
"Jose Luis Ludeña Sevilla",u201421391,Participant,Integration,"08/28/2020 10:22:20","08/28/2020 13:57:12",03:34:51,2
"Jorge Marcelo Rebaza Bartra",u201623405,Participant,Integration,"08/28/2020 10:43:57","08/28/2020 13:03:11",02:18:54,2
"José Edison Bobadilla Chancafe",u201621990,Participant,Integration,"08/28/2020 11:29:33","08/28/2020 13:14:15",01:44:42,1
