﻿Name,Username,Role,AttendeeType,"First join","Last leave","Total time",Joins
"Kevin Poll Jharson Cachique Agreda",u201610674,Participant,Integration,"09/15/2020 08:48:12","09/15/2020 10:54:39",02:06:27,1
"Tathyana Leyla Sotomayor Anco",u201710871,Participant,Integration,"09/15/2020 08:54:26","09/15/2020 10:54:42",01:56:49,4
"Luis Antonio Muñoz Alfaro",pcellmun,Moderator,Integration,"09/15/2020 08:56:29","09/15/2020 10:54:46",01:58:16,1
"Sebastian Elias Garcia Guerra",u201425507,Participant,Integration,"09/15/2020 08:57:50","09/15/2020 09:45:29",00:47:38,1
"Fabricio Jose Miranda Durand",u20181e444,Participant,Integration,"09/15/2020 09:00:05","09/15/2020 10:54:39",01:54:33,1
"Yorman Manuel Gil Alvarado",u201719264,Participant,Integration,"09/15/2020 09:02:01","09/15/2020 10:54:41",01:52:40,1
"Sara Milagros Marquez Zapata",u20151c262,Participant,Integration,"09/15/2020 09:02:17","09/15/2020 10:54:43",01:52:06,4
"Cecilia Sucyen Koochoy Wong",u201713638,Participant,Integration,"09/15/2020 09:02:49","09/15/2020 10:54:44",01:51:54,1
"Anthony Frank Molina Diaz",u201523291,Participant,Integration,"09/15/2020 09:02:52","09/15/2020 10:54:33",01:51:41,1
"Kevin Elmer Rodriguez Peralta",u201811680,Participant,Integration,"09/15/2020 09:03:45","09/15/2020 10:54:41",01:50:56,1
"Cesar Augusto Bardales Loarte",u201510905,Participant,Integration,"09/15/2020 09:05:12","09/15/2020 10:54:52",01:49:34,2
"Jose Luis Ludeña Sevilla",u201421391,Participant,Integration,"09/15/2020 09:07:26","09/15/2020 11:15:51",02:08:01,3
"Gian Carlo Tuesta Ocampo",u201515612,Participant,Integration,"09/15/2020 09:07:56","09/15/2020 10:20:37",01:12:41,1
"José Edison Bobadilla Chancafe",u201621990,Participant,Integration,"09/15/2020 09:11:17","09/15/2020 09:44:29",00:33:11,1
"Jorge Marcelo Rebaza Bartra",u201623405,Participant,Integration,"09/15/2020 09:11:53","09/15/2020 10:56:44",01:44:51,1
"Yerson Walter Torres Santos",u201617457,Participant,Integration,"09/15/2020 09:12:08","09/15/2020 10:54:43",01:42:35,1
"Julio Tokujiro Uyejara Bustamante",u201622015,Participant,Integration,"09/15/2020 09:13:18","09/15/2020 10:54:42",01:41:24,1
"Maikol Brandon Sanchez Gomez",u201517193,Participant,Integration,"09/15/2020 09:26:00","09/15/2020 10:55:22",01:29:21,1
"Victor Alonso Nuñez Cabrera",u201614986,Participant,Integration,"09/15/2020 09:40:47","09/15/2020 10:55:37",01:14:50,1
"Jesus Bernuy Ramirez",u201513319,Participant,Integration,"09/15/2020 10:12:14","09/15/2020 10:13:00",00:00:46,1
