﻿Name,Username,Role,AttendeeType,"First join","Last leave","Total time",Joins
"Luis Antonio Muñoz Alfaro",pcellmun,Moderator,Integration,"09/04/2020 09:47:47","09/04/2020 13:06:10",03:18:22,1
"Julio Tokujiro Uyejara Bustamante",u201622015,Participant,Integration,"09/04/2020 09:50:50","09/04/2020 13:06:08",03:14:02,5
"Jesus Bernuy Ramirez",u201513319,Participant,Integration,"09/04/2020 09:55:58","09/04/2020 10:17:15",00:21:16,1
"Fabricio Jose Miranda Durand",u20181e444,Participant,Integration,"09/04/2020 09:56:20","09/04/2020 13:06:20",03:10:00,1
"Tathyana Leyla Sotomayor Anco",u201710871,Participant,Integration,"09/04/2020 09:57:00","09/04/2020 13:05:59",03:08:58,1
"Cecilia Sucyen Koochoy Wong",u201713638,Participant,Integration,"09/04/2020 09:57:52","09/04/2020 13:06:01",03:08:08,1
"Yerson Walter Torres Santos",u201617457,Participant,Integration,"09/04/2020 10:01:07","09/04/2020 13:08:54",03:07:46,1
"Yorman Manuel Gil Alvarado",u201719264,Participant,Integration,"09/04/2020 10:02:13","09/04/2020 13:06:09",03:03:47,2
"Jorge Marcelo Rebaza Bartra",u201623405,Participant,Integration,"09/04/2020 10:02:23","09/04/2020 13:06:17",03:03:54,1
"Maikol Brandon Sanchez Gomez",u201517193,Participant,Integration,"09/04/2020 10:04:04","09/04/2020 11:45:55",01:41:51,1
"Cesar Augusto Bardales Loarte",u201510905,Participant,Integration,"09/04/2020 10:05:47","09/04/2020 13:06:22",03:00:35,1
"Kevin Poll Jharson Cachique Agreda",u201610674,Participant,Integration,"09/04/2020 10:06:05","09/04/2020 13:06:13",03:00:07,1
"Sara Milagros Marquez Zapata",u20151c262,Participant,Integration,"09/04/2020 10:06:22","09/04/2020 13:06:05",02:59:13,2
"Jose Luis Ludeña Sevilla",u201421391,Participant,Integration,"09/04/2020 10:15:50","09/04/2020 13:06:09",02:50:09,3
"José Edison Bobadilla Chancafe",u201621990,Participant,Integration,"09/04/2020 10:19:36","09/04/2020 13:06:28",02:46:35,2
"Victor Alonso Nuñez Cabrera",u201614986,Participant,Integration,"09/04/2020 11:02:02","09/04/2020 13:05:50",02:03:48,1
"Anthony Frank Molina Diaz",u201523291,Participant,Integration,"09/04/2020 12:44:18","09/04/2020 13:05:49",00:21:30,1
